name,smiles,MW,logP,ADMET_score
CHEMBL273030,CCO,46.069,-0.0014000000000000123,0.5488135039273248
CHEMBL272808,CCN(CC)CC,101.193,1.3481,0.7151893663724195
CHEMBL272641,CC(C)O,60.096000000000004,0.38710000000000006,0.6027633760716439
